id,username,password,email
1,slillie0,5QgDDJscWNjU,apascall0@businessinsider.com
2,rtockell1,JaDA5Z,icristofano1@google.com
3,mcockman2,FsHWXwifTg,dhatchman2@xing.com
4,fbelin3,H3mZeDP,elowre3@delicious.com
5,kvalance4,QEoZ0duoQJ6,mpostlewhite4@sun.com
6,ddugan5,sqCbVH4kiH,fhandslip5@mapy.cz
7,vsteuhlmeyer6,4ZhmbLgK,vbirkhead6@bizjournals.com
8,wgoundrill7,JxprtO7P,abiernacki7@mapy.cz
9,hdeny8,EV5j5KHhw,tswale8@apache.org
10,mdouble9,5CtmAm3JP,ltebbe9@squarespace.com
11,gcalluma,SHtTS2hQ,mmeasora@comsenz.com
12,giacobettob,e07pIHk,cstrutleyb@weather.com
13,xboughc,Zp4OM0X6QAC,sdigmanc@bloglines.com
14,desbyd,hhNxmLUNFpn,rgodingd@networkadvertising.org
15,hstrangwoode,SUGofDu,smarcieke@google.com
16,valsfordf,cENPHRQfD5,cantragf@artisteer.com
17,vfinnickg,eYCp0uZd9MIH,cdeddeng@amazon.co.uk
18,dbirtlesh,u8jcvKn,rgyngellh@quantcast.com
19,eloraini,PFzZOR5RnaX3,gblackalli@github.com
20,efishburnj,rfKStimz8r,jbathowej@java.com
21,jbuiek,9kXQWDzf2,gmakerk@salon.com
22,efassel,pH3gCJ,cmacguffiel@boston.com
23,eloyntonm,BBiXTar,dcourtinm@unesco.org
24,avarnhamn,fVRs9qb,hcaronn@technorati.com
25,eshoremano,qKOQXjVXA,gduchatelo@opera.com
26,tconersp,lpb7EDA,cduberryp@deliciousdays.com
27,syanyushkinq,PjvqsV,tchasenq@ifeng.com
28,pstrahanr,1dv4IGI,epalmbyr@amazonaws.com
29,acrutchleys,icZX3X0vy,ijobes@usda.gov
30,cchaslest,uNKLeQE8BGl5,gkaesmanst@slate.com
31,mshreveu,hvHpuKco,psquieru@opera.com
32,sflewettv,a6fibehsaycn,anashv@paginegialle.it
33,sgettenw,cEFOGvX,dlawfordw@naver.com
34,spatisex,oH0sqYEG3v,sburgoynex@barnesandnoble.com
35,tgarbutty,24RZRSMXZ3l,cmcclarencey@wikipedia.org
36,nskeatz,TECuwPedMN,tpaolozziz@cocolog-nifty.com
37,badrienne10,Uczm5hFnkvY,cseabrooke10@zdnet.com
38,salexsandrov11,w1kzTNR,scrabb11@arstechnica.com
39,crounsivall12,uqMqXODeiu,mblindmann12@cbsnews.com
40,tjeffray13,krbnyldvNY,pandreas13@businessinsider.com
41,ucarluccio14,Lu2SEteyTz,cloidl14@wordpress.org
42,cewles15,pbLb46,kdufray15@uol.com.br
43,cmartinetto16,oayzVhj,mgane16@smh.com.au
44,gizatson17,cHEHoSwPhoLJ,lgooderson17@ow.ly
45,gebbles18,7bQhYXPq,efennessy18@yolasite.com
46,cmoyles19,GUo2n7i,etotaro19@networkadvertising.org
47,ngrosvener1a,lAUxxt,chadlee1a@marriott.com
48,wthornborrow1b,rmUORBqsg3El,jjouandet1b@surveymonkey.com
49,mbrockelsby1c,MQX9XzI,rreyna1c@nature.com
50,ppikett1d,SNLhVli7kUjR,nlukas1d@senate.gov
51,jkropp1e,kFXI38,dsustin1e@cbsnews.com
52,bfrunks1f,ix04sM8bwOdq,igrenville1f@tinypic.com
53,jbloxsum1g,feny2kvDOe,mmacklam1g@arizona.edu
54,lnibloe1h,4ERiyE,ljerzak1h@google.com.hk
55,ybaldi1i,uw7v8Wwm,bjeremiah1i@amazon.com
56,rpluvier1j,vzwvY4,thawarden1j@google.com
57,ddinkin1k,uFK6Nz,mshepheard1k@google.es
58,rpyffe1l,Yp0lLphj1sd,gtwigge1l@patch.com
59,ggummow1m,BDZ2p0Hxgkz,sosmint1m@irs.gov
60,bchritchley1n,LSau0VgRq,vpencott1n@ustream.tv
61,gadhams1o,ooswywx,fobrian1o@time.com
62,lhalburton1p,0Gyi73Fcd11,svarley1p@thetimes.co.uk
63,sdinnage1q,HhZ0XSHRT,pdegiovanni1q@imdb.com
64,gdirand1r,wLjkRksvcz,vdorosario1r@wordpress.com
65,ddoick1s,ZqQg8H,sfurber1s@blog.com
66,ddodding1t,AdaBjbhfjhQR,acarnachen1t@adobe.com
67,alathwell1u,OFEOVktwaU9e,jberge1u@nymag.com
68,cwilliam1v,lZv8L6pI,ehaulkham1v@illinois.edu
69,fsnazel1w,WT7JJpd,lzuan1w@qq.com
70,ogreensmith1x,8W2x59MCn,mderoberto1x@ovh.net
71,mmeadowcroft1y,6HjCFQvbWc,cbarclay1y@netscape.com
72,srubert1z,c1Xoi5GVDpR1,miannello1z@plala.or.jp
73,dspini20,6HYPZn,mmancell20@washington.edu
74,aosculley21,2keq75br56,rchristoffels21@topsy.com
75,jsalzburger22,di2q1B2Y,fbeauchamp22@1688.com
76,rcadlock23,9Adi73vX314U,jriccardi23@people.com.cn
77,lgillicuddy24,rVzPgEfCXH,sbeeston24@comsenz.com
78,acullingworth25,F99tqSSWo,vfidler25@goodreads.com
79,nzoellner26,zxwXZ1o,ibidewel26@princeton.edu
80,hmoyne27,ySf7b1NaTM5i,bdorsett27@ustream.tv
81,dscullard28,pPaqDCyxlYaw,vdoumic28@alibaba.com
82,icraney29,T24Xw4dIP,aceresa29@123-reg.co.uk
83,pmcavey2a,DOuCSxoegsX,dblagden2a@fema.gov
84,rscroyton2b,IkY1OipNjZ,rbradane2b@weibo.com
85,rmackeig2c,lzlTyqa0vV,rhinzer2c@gov.uk
86,lspyby2d,SOeWdCH,lgeorgi2d@arstechnica.com
87,mmegarry2e,x5YYy2eR82EJ,rnaulls2e@ucoz.ru
88,ltrase2f,1UCIrQxZzV,eninnotti2f@hhs.gov
89,rbrookes2g,OwteYJ5ki,hnanetti2g@wix.com
90,cverbeek2h,mpiPxeyA,bfarfoot2h@opera.com
91,dhotton2i,PFFHkcUn,abransden2i@soundcloud.com
92,vwathan2j,Ybwr5KfHSN98,lmckendry2j@spiegel.de
93,mentres2k,wfqQq05haL8o,lgilloran2k@webeden.co.uk
94,hcrumpe2l,gaUWbV2Y4,lkeith2l@friendfeed.com
95,pmcelhargy2m,Bv05rTf1h,pcolafate2m@time.com
96,ebateup2n,836W7eyILlR8,jwoolstenholmes2n@gnu.org
97,cpentecost2o,3xZwPNZX,bcapron2o@symantec.com
98,gbaudrey2p,WyHxeiUU,rsindell2p@paginegialle.it
99,npendlebery2q,n0ADEPc,dkurdani2q@goo.gl
100,jmarian2r,GbEgy3lafmB4,tbulstrode2r@ezinearticles.com
