username,password,email,is_superuser
nkropach0,sfK5MHKteR9,efodden0@gnu.org,true
eallright1,MihtXjVUBiHj,ptordoff1@paginegialle.it,true
fmathivon2,nXnj8DQj,agrolle2@examiner.com,false
nborsnall3,xsE4od0,hspargo3@linkedin.com,false
ddenyukhin4,cR0W8CJI4i,phopfner4@hexun.com,true
etidswell5,Yw88Cvf9hoR,hcottill5@forbes.com,true
dcovendon6,mRz4CobyOebl,ftiner6@youtube.com,true
langlin7,29Ubcm8U3XJ,ssoulsby7@cdc.gov,true
dcowlas8,vZ9kIdGsrC,etrimmell8@123-reg.co.uk,true
hjevon9,gXYlJE8paE2b,kcecchetelli9@huffingtonpost.com,false
spinchbacka,nGkWoVgU0d,jmoulta@sbwire.com,true
ecroixb,GoxMrc,sboodellb@princeton.edu,false
eduthiec,0LaWLNTeHM,gtellessonc@istockphoto.com,false
cpollerd,yvqeOro,ohearnahd@cbc.ca,true
stinere,xgfjtZDxGH,wleggene@msu.edu,true
gjakubovitsf,sgeYC5p3hJO8,eovernellf@barnesandnoble.com,false
ekermeeng,P1KosUney,lfowellg@skype.com,false
gandrolih,3rFp52tlcK2,fskermeh@smh.com.au,true
jcovottoi,eSptsFY,bjunkisoni@liveinternet.ru,true
ccasserlyj,WYCDXgx,bledramj@123-reg.co.uk,false
epettecrewk,oBRmP5e,asancraftk@amazon.de,true
ldwellingl,D4PJo1guLi,aassell@cargocollective.com,false
lwillansm,lyxrrVoa,tbonallackm@house.gov,true
kspiniellon,VTndGY,nporkern@google.ru,true
kwoolmero,BhiHuVVUcj8,lmcalarneyo@exblog.jp,false
bshelfordp,R1tf3qCupo,thurleyp@technorati.com,false
vwitheringtonq,GcsNaLkTVaJD,rrattrayq@homestead.com,false
imactrusteyr,Uqghk53pcSC,holdcoter@uol.com.br,false
mcodlings,o1S1Da20eAIg,bfabbs@printfriendly.com,true
rwylamt,vc7D0Rih32g,jhanstert@slashdot.org,false
vandricku,h9HRfldYSeS7,gmargiottau@bbc.co.uk,false
dcarsv,zEdrMwsLwH3,hreisenv@jigsy.com,true
fwilkisonw,Z9rRydKxayx,kcogganw@com.com,false
fdicarlox,BiAWuAF,aclaitonx@webeden.co.uk,true
preinay,gQK5tnoS,amarleny@posterous.com,true
teclesz,sVFjyPnv,slimmerz@prnewswire.com,true
etregunnah10,bnjfJ6iJRY,vbebb10@google.de,true
srennix11,NZH6CvdinL,theatly11@indiegogo.com,false
nblinman12,goqeTQ,bmarde12@ihg.com,true
skentish13,7ugkREU,mflieg13@ca.gov,false
lbaythorp14,4CCxXxdR,fsaphir14@fotki.com,true
gsamworth15,iVnaTWyg,emenauteau15@addtoany.com,true
kdegenhardt16,RWyRmRQ81hp,hbranchet16@nature.com,false
djepensen17,o0ulfYL3cOvN,jdesesquelle17@tinyurl.com,false
cdellatorre18,cS4nqFTBzr,klongmore18@dyndns.org,true
dhearson19,wwWnJ6,wdashkovich19@squidoo.com,true
stegeller1a,xk3Hld27Ah3,jspurnier1a@parallels.com,true
hpollack1b,I2uhJRs0Zd,mshegog1b@weibo.com,false
podougherty1c,nKDW4zZuM6,rcregg1c@mayoclinic.com,true
jsharland1d,wypMNFk5T3P,tantognazzi1d@alexa.com,false
cjoska1e,ZKzpYw,hmuro1e@google.com.br,true
cfellow1f,ayhoTV,cfallen1f@jimdo.com,true
jsamber1g,jZTlUU8wta3T,kmargaret1g@eepurl.com,false
fburdytt1h,9KQTdJAdXn0,mbees1h@arstechnica.com,true
eganing1i,GauyURMIEUv,bcyster1i@homestead.com,true
rsire1j,gwx4AcE,sgoch1j@cmu.edu,false
ddudney1k,ktYhQlFH,idincke1k@imgur.com,true
htebb1l,c6TgQiOf,dwhite1l@vkontakte.ru,true
kfanshawe1m,IBD9zyQRL,mshevels1m@tmall.com,false
drippin1n,Gee0k47,jfelipe1n@tinypic.com,true
rhargraves1o,AyFoyAzQ5F6,fmalkinson1o@tinyurl.com,true
twonfor1p,ecDp4dBz5bt,jneve1p@umich.edu,true
nhasty1q,7UKTa51iquQ,ebroadhead1q@omniture.com,true
lskedgell1r,spmYMf0cj,ppaule1r@marketwatch.com,true
bbrookwood1s,fmKVKg4,aneeves1s@vinaora.com,false
ningon1t,dMFARa8lX,aplaunch1t@businessweek.com,false
ppolle1u,rMkIsQUx,gshenton1u@senate.gov,true
jburrow1v,0HZzHrW7nMm,gdelve1v@psu.edu,true
knavan1w,84tCT312OFTa,mhusband1w@weather.com,true
acomer1x,nSyFq9kh,aglazyer1x@home.pl,false
wpiecha1y,7KdznCD,fmembry1y@pinterest.com,false
mwillwood1z,R2XYIqj2,lfalvey1z@wordpress.org,true
thiddsley20,zAQg0n1,iquincey20@economist.com,false
obeardsley21,TubDmx,kbugg21@xrea.com,true
lvigus22,pRWeESXSlFLq,rbasezzi22@lycos.com,true
mleppard23,lEtjyP,clewson23@csmonitor.com,true
wjoincey24,7OcS379Ib,jlowe24@hud.gov,false
joldacres25,iw1fPPy0lzU,lkeave25@prweb.com,true
rjacqueminet26,wvVCjw6T5,ncameron26@bloomberg.com,false
rstorck27,qMLH7alIa,mseczyk27@va.gov,true
jmatthiae28,QfxuP8bZYA,clightwood28@bizjournals.com,false
jscolding29,Grslx7K8NqH,dander29@cpanel.net,true
sraspin2a,evoX9ozI3JMS,glindbergh2a@furl.net,true
kpaprotny2b,neHyeXK04v,celijah2b@godaddy.com,true
mkneeland2c,G93lMCrwJ,obavridge2c@canalblog.com,true
ktickel2d,gynQI4,rblakiston2d@cbslocal.com,true
apounder2e,3cKrAB,ptitchener2e@sfgate.com,false
rstairmand2f,zW5BIMCqnY,cbruntje2f@webeden.co.uk,true
whaestier2g,3S3xDAa7,cbenaine2g@istockphoto.com,false
vjovis2h,XOHe1p8,rdummett2h@wisc.edu,true
ltrounson2i,RhAE4Jc6J,tjandl2i@opensource.org,false
mschlagman2j,NCxlWzdqX,emabb2j@printfriendly.com,false
lbundey2k,dXxEee,wwaldrum2k@sciencedirect.com,false
lkippax2l,x0miRGzYy,apalmer2l@vinaora.com,false
elarcher2m,xPV5eWfF,gsheldrick2m@toplist.cz,false
bklemt2n,tokz92ixqI,agisborne2n@privacy.gov.au,true
mwadeling2o,SGr4OepotD,flaweles2o@blogspot.com,false
cscripps2p,70j7kPv,kgwynne2p@elpais.com,false
dguarnier2q,8h73RZQal1M9,gsydes2q@techcrunch.com,true
gruvel2r,HRlPcFvgev5P,rcannam2r@yahoo.com,true
dfolca2s,5rb3d3LlRXUh,shaworth2s@yahoo.co.jp,true
aostler2t,U7vX4asu8,wpittman2t@w3.org,false
agreasley2u,3nLWQ7HKlJB8,harcase2u@1688.com,false
dallan2v,WJp1jYW,apeter2v@tamu.edu,true
jhackwell2w,4B09iZT,ccringle2w@bbc.co.uk,false
mgreig2x,LSTCCy8RBYC,mstock2x@pcworld.com,false
igoodship2y,EKFwfO,dbarden2y@sciencedaily.com,false
asatterthwaite2z,DVeSdmMIWZs,jsindell2z@marketwatch.com,true
bpleace30,uEcKD9,sgowanson30@zimbio.com,false
sthebe31,9PYwwD,gskipworth31@prnewswire.com,true
egini32,STmyexv7TM69,rfrayn32@booking.com,true
rmurrock33,iQpNWrnG,cmongan33@delicious.com,true
wplesing34,DdWojst5a,ccaunce34@is.gd,false
gwalewski35,gT9SMhCsAw,gmennell35@shutterfly.com,false
eoclery36,0rpD352ekgB,fcrate36@merriam-webster.com,true
mstation37,rrDzWCG,stesh37@de.vu,false
kmacculloch38,5cX5iabRp,rbourgaize38@oaic.gov.au,false
afasham39,z6frKm5lC60,kkalinsky39@artisteer.com,false
mwhithorn3a,mzY8r1,zbaume3a@wiley.com,false
rboram3b,UR3GlYQgR,dcamacke3b@about.com,false
tdelafeld3c,nvPwbEkw,ekick3c@gov.uk,true
cberrey3d,IcL42FFv,lslimings3d@simplemachines.org,false
tkatz3e,yyxVXCwYpS58,rpledge3e@gmpg.org,false
lgredden3f,0UFOIqLopmDp,aonoland3f@marriott.com,false
arisso3g,n1DvV8,rgodbold3g@cnn.com,false
ibassom3h,LiFGnKZ6gU,gfanstone3h@cdbaby.com,true
klenton3i,j0pOLxD3d,nvelde3i@go.com,false
pcuttin3j,9YTiVzAWKd9l,amcclements3j@opera.com,false
sbedwell3k,1vV3H2Vt2lSc,mgrisbrook3k@netlog.com,false
ebenitti3l,fvtJHsu8yT,oschulkins3l@comcast.net,false
dhuckle3m,Em0RgwA,msirl3m@cornell.edu,true
chaliburton3n,Ga7m4k,mhosier3n@shutterfly.com,false
rtitmuss3o,AIZ1H2P,bcresswell3o@behance.net,true
nferon3p,YVyF6i,fgeane3p@usnews.com,false
fmctiernan3q,HURIO3QWf1,edudny3q@kickstarter.com,false
melfe3r,2Cf5H0bdla,rbarrott3r@state.tx.us,true
gzack3s,HxP7iHlH,kackenson3s@amazon.co.uk,false
agallardo3t,Xg8GJHxO,fbuxy3t@dailymail.co.uk,false
mfluit3u,pLssOKlQ,bboscher3u@cam.ac.uk,false
lyurkiewicz3v,WZjyJ5GV58PR,mreddish3v@github.io,false
dharber3w,iZsBlYo7ow,jsheerin3w@vinaora.com,false
edavidek3x,rzJdAN8,ppiniur3x@liveinternet.ru,false
bcettell3y,TTCWy48JAN,aoldis3y@biglobe.ne.jp,false
wjealous3z,y5iFFE,vcrisall3z@techcrunch.com,false
rolley40,4ObQvuuP36,tcauser40@weather.com,false
tbirks41,lOzvq9iLk,dwarland41@newsvine.com,false
wropars42,iHd2JKsFvuL0,dfalconertaylor42@yellowbook.com,true
ichupin43,HcYZ83BypXM,jgrene43@networksolutions.com,true
dkroin44,gCjmuWrieQFr,cgerred44@oaic.gov.au,true
mgrinaugh45,4f3iYe8TauvW,ogearing45@irs.gov,false
amoon46,SJKHSiWaP,jkreutzer46@google.co.jp,true
mkeaysell47,xMCFxURpT7v,lchamney47@archive.org,false
adenty48,BGzyD9,dsamways48@newyorker.com,false
hstern49,5zOeTlt2,scurzey49@bing.com,true
amilan4a,ECGXywY1wGxu,achatwood4a@blogspot.com,false
nnuccitelli4b,Rwi8nKr9S6u8,cnoddings4b@goo.ne.jp,true
rjanes4c,pF2w8J,rnutbeam4c@addtoany.com,true
tgreguoli4d,JCHPDe,emerryweather4d@paginegialle.it,false
alishman4e,je5f7t0,cmaclice4e@google.pl,false
lstennard4f,bQTgRI,mludlamme4f@amazon.com,false
hsalzen4g,r44PrKem3O,adodd4g@squarespace.com,false
dbehnecke4h,qjpXR7yrB,bcave4h@fastcompany.com,true
lfawdry4i,gj6p4xQTd,ocrosetto4i@spiegel.de,false
amardle4j,HpBhtK3dp,csanti4j@friendfeed.com,true
hcoomes4k,0lTUkgRehD,rraggatt4k@washington.edu,false
cferencowicz4l,6obqhBgGmFC,dpleat4l@time.com,false
jcrumbleholme4m,zAAvfXOadw,rgulland4m@tuttocitta.it,true
fgilks4n,3TjzU4A4HZfZ,awasbrough4n@blogtalkradio.com,false
sbenoy4o,Qnr98jx,fboldry4o@webnode.com,true
imadgwich4p,JqCNFItr,dmatthews4p@economist.com,true
cpaddeley4q,H9rxQymL,ecohrs4q@bbb.org,true
rabbis4r,ZsU6DPgOxf6v,feverex4r@boston.com,true
tcarnelley4s,Z03R7QJE,etoderini4s@bluehost.com,true
meastridge4t,h7GE4SV,bchason4t@studiopress.com,false
esture4u,S2qgu2FDcoOE,redleston4u@godaddy.com,false
wrennison4v,DKR6IG9VIx83,fanniwell4v@jigsy.com,true
iwinterson4w,E0PiTOXzIN,dzanni4w@ucla.edu,false
orobun4x,RPe4N6lTTQW,ecavanaugh4x@businessweek.com,false
crallin4y,csf7BKqr,hgonzalvo4y@unblog.fr,true
myelland4z,7WypNlY,gcolquete4z@baidu.com,true
cransbury50,4msC3E,bgeorgeau50@quantcast.com,false
ariddett51,L8n14OFG0,asawfoot51@google.ru,false
tsouness52,3Bf1il55a0SQ,kvergo52@go.com,true
amellenby53,86uXuojjyKb,pghiriardelli53@w3.org,true
fgabits54,Zt8HQUGf,rstairmond54@patch.com,true
istandidge55,rO9QPq,bpavelka55@artisteer.com,true
kellph56,OdKbNbEXw5tj,ilamond56@usgs.gov,false
fwinspire57,eExq37yFCZi,bworwood57@usatoday.com,false
asymon58,kZ26Bhi,aeuels58@hp.com,false
alamyman59,9NmfE9v,acollingwood59@sbwire.com,false
jebbrell5a,LwT5jN,gtremblett5a@over-blog.com,false
bflawith5b,zIkpF56OV,gwaddy5b@miitbeian.gov.cn,true
bquail5c,ke0M3PU2O,fchilders5c@umich.edu,false
lwafer5d,gQVOeO,lcurnucke5d@unc.edu,false
rvazquez5e,kUsFEEzCzHqc,gcarvil5e@php.net,true
aizak5f,68swlQ0K5YPx,sodowling5f@washingtonpost.com,true
wganning5g,lwZLIcVlT9r,hhappert5g@vk.com,true
kbarkly5h,ppbIK5natxY,kfaulkner5h@economist.com,true
nvirr5i,BN13hexQ,gjosum5i@people.com.cn,true
cgoldsbrough5j,LqvjHxnhG4L,pmarquot5j@nationalgeographic.com,false
ahavill5k,uf789U2Vs16,gkeneforde5k@google.nl,true
lcastilljo5l,ycpbZXF8KJbv,sdeplacido5l@cnet.com,true
lmaneylaws5m,VUXorUtba5e4,scecely5m@cpanel.net,true
ethurlbourne5n,hNtQUs08,lpulster5n@java.com,false
apickworth5o,eVXK7EZe,wpadrick5o@yahoo.com,true
dpanting5p,UoyT7IXg,jchavrin5p@diigo.com,false
rkeston5q,J5CDyNV,smessent5q@cocolog-nifty.com,false
btopp5r,CW4gNrtikB,twhistlecroft5r@constantcontact.com,false
badamkiewicz5s,Y70nYo4Wejc,kshrieves5s@yolasite.com,false
psidlow5t,0MeGgu6mxA,bpatzelt5t@artisteer.com,true
lgerritsma5u,qTHgim,gcapron5u@ihg.com,false
pbassam5v,YNw6rm,whathaway5v@squarespace.com,true
lcarvill5w,qE5VYn,jmccafferty5w@dailymotion.com,true
ajeschner5x,9w8DuhduXvMg,salpes5x@behance.net,true
skiloh5y,cyvVkDi8x,stheseira5y@fc2.com,false
uhadrill5z,CqsUnSG,eryan5z@about.me,true
acarbery60,SbR5jutJy,sburchell60@imgur.com,true
cmuriel61,USij9z50K3R2,swhodcoat61@cnbc.com,true
hwagstaffe62,XBO38Ms,ibuckingham62@pinterest.com,false
lfice63,zfGrsO0qedMP,dbrakewell63@google.com.hk,false
hmountcastle64,qocBUkih,hmarion64@army.mil,true
bridsdell65,eMubTXCUPO,abennen65@linkedin.com,true
ngotts66,JhOPbGlRA,bbrodhead66@clickbank.net,true
cjirek67,4JlZguvc,dtukesby67@washington.edu,true
bargente68,ZBSOluOhDFZn,awroe68@liveinternet.ru,true
tlaborde69,b6eFZ7,cmandal69@chronoengine.com,false
ecogan6a,P7Y1X0oHuc,cbroadwell6a@ihg.com,false
bobell6b,S4wvnTFjl5j,ethorneywork6b@creativecommons.org,false
jocahey6c,6EZdODU,rdalziell6c@ehow.com,true
alandsberg6d,jJjtADcYJw,rweepers6d@w3.org,false
jroy6e,OyQNvg2S5sA,lkyteley6e@technorati.com,true
kbarham6f,ldTXNfQ8nwlM,aknowles6f@opera.com,false
kmeneur6g,ZOez02aKVuB,sdye6g@dropbox.com,true
cstclair6h,ZzlUOV5cFp3,aeagers6h@tumblr.com,true
tmitham6i,QGUyRH,aabells6i@hugedomains.com,false
jlindeman6j,HEoTEXLVJc9e,mcasa6j@w3.org,true
gcuxon6k,A39m1aHhOrd,gbittany6k@dell.com,false
gdifranceshci6l,cXZNIr4,mrooksby6l@newsvine.com,false
dyeend6m,NHGsSki,svallerine6m@google.cn,true
gbridgen6n,xhesTLnEunHK,sfrensch6n@slate.com,false
dcassam6o,vNkjm6NhOiom,amcguigan6o@t.co,false
mgwillyam6p,aaWM9IRmdVt,sperotti6p@macromedia.com,false
hdevany6q,ZXjERCmBZF,claban6q@lulu.com,true
rlyes6r,7QqWXoUGajk,rclinnick6r@tiny.cc,false
ccater6s,OS8beZqGPC,wbelleny6s@washington.edu,true
slawes6t,ugKNycjCzH,pmacci6t@virginia.edu,true
kluney6u,6t8srLU,sfitzer6u@auda.org.au,true
oannon6v,V1weFi,saskam6v@tamu.edu,false
cstarrs6w,wnt4Sr,spury6w@desdev.cn,true
asinnocke6x,dfAbT9,bsanbrook6x@apple.com,false
gransom6y,lYnHms66ey,tmacartney6y@yahoo.co.jp,false
rmcharry6z,S9C7r6iJBV,eshakspeare6z@springer.com,true
mlinnell70,g9QGoxYZOiZe,lwhorlow70@4shared.com,false
sshatliffe71,HadKHQ5AJ,lkassman71@technorati.com,true
hdaw72,sw2MPWNtlOc,jcliss72@bing.com,true
ashalloe73,fW55jOS,dasquez73@marriott.com,true
tpyle74,oEkzrt5plMLR,afagan74@umn.edu,true
mbraunston75,9i3yrZ,scaulcott75@yandex.ru,true
ndatte76,XcQADkmG,lhame76@auda.org.au,false
epietruszka77,1QnTpuJcy,aizon77@zdnet.com,false
rroja78,9bgRzFL01Ghd,mohanlon78@gnu.org,false
salishoner79,kjdcrcxk8ho,amaccombe79@hatena.ne.jp,true
dcreus7a,CiJBq6aVK,rbrickell7a@gov.uk,true
bgrenshiels7b,HYN3hANRD9,fdouce7b@youku.com,false
dlidgard7c,megL0X,ascourge7c@sogou.com,false
cweldrake7d,SSCYXjNSj,hresdale7d@amazonaws.com,false
jklinck7e,IRgqCALoEQ2,rpill7e@wp.com,false
aheadington7f,WAwSVXSJnrq,ksteven7f@state.tx.us,true
hsenten7g,fISMUs8,sbending7g@barnesandnoble.com,true
tvasichev7h,aL9dUuTv44Q,mbeet7h@photobucket.com,false
asharpless7i,SoDGy5DE,cscoular7i@behance.net,false
besley7j,97erAcX5,wjeandin7j@cbc.ca,true
bneilly7k,cNDRBhsZ,bclemencet7k@csmonitor.com,false
cdyott7l,pGT5aR,rroscrigg7l@mail.ru,true
dmerdew7m,Jhd02p,sbucke7m@webs.com,false
telegood7n,Nnfytu,gmillom7n@spiegel.de,false
ascaife7o,zzpmtSxf,lwigglesworth7o@narod.ru,true
gbutte7p,2SrB4kxi,bbartosinski7p@nih.gov,true
gvanyushin7q,j87Txfn9Bib,agrichukhin7q@ezinearticles.com,true
tsweetenham7r,TFPmbeSZnAIm,croots7r@mtv.com,true
nvarey7s,6S2Nuw,lreynold7s@e-recht24.de,true
psmiley7t,AG6tEcFqWoTh,pespadas7t@wordpress.org,true
fdewolfe7u,5ck9z5,syewdall7u@uiuc.edu,false
sleggon7v,HrtDwX7rf,adeleek7v@wikispaces.com,true
amoxom7w,GGHRI33g,jwards7w@parallels.com,false
fstarzaker7x,h436vqxHE61,dtaillard7x@wisc.edu,true
atellenbach7y,qWHaCyH,lwistance7y@irs.gov,false
bdike7z,SST6md,arevan7z@hp.com,false
bambrodi80,oZxRq37x,dchasteney80@wsj.com,true
kklimentyev81,j4smm5rS,ksanday81@earthlink.net,true
osmalecombe82,mVPDAW0U9,tascough82@comcast.net,true
fchaloner83,McLbpTleKA,dbrownlee83@histats.com,true
smeadmore84,dIGK4P1bpE,bjakes84@printfriendly.com,true
rfeldmark85,7lW8nq,bbassingham85@answers.com,true
krawll86,Sr4DXDatAZ,kbuesden86@cafepress.com,true
aderrington87,mzHw0xIxL,eclemmey87@csmonitor.com,false
sgumby88,VXQ7cFP,kbarkaway88@ibm.com,true
cstimson89,EXduUv,jbatkin89@yellowpages.com,false
mdoorly8a,muHweQlf,cbaddam8a@addthis.com,true
bcotty8b,j9ODFS,cbasham8b@opera.com,false
ilouth8c,Xnycqdtm,cconyers8c@blogtalkradio.com,false
ktaylour8d,oWDNZd,acleatherow8d@kickstarter.com,true
dstribling8e,1QvqpN07n,wderuggiero8e@wordpress.com,false
bschankel8f,RnGcz4n,nstirtle8f@dropbox.com,true
rprescote8g,L4EU1fWC6uZ,ctinto8g@wikispaces.com,false
bfleming8h,SuGoyzOft,lagnolo8h@indiegogo.com,true
eservis8i,ylnJHJMZpBz,fcranstoun8i@nationalgeographic.com,false
elongthorne8j,bKNQZPBxnL,pquoit8j@blog.com,false
mlongshaw8k,TxZLVW14UzeK,asmalls8k@theatlantic.com,false
bschankelborg8l,tw1NouIi,ehastin8l@hibu.com,true
mpendered8m,p5FVLs,nhutten8m@rediff.com,true
sdedon8n,tJtzSq,rharvey8n@tuttocitta.it,false
chanton8o,a4MvoafmY,uthroughton8o@yahoo.co.jp,true
charvie8p,ZMXKYH79,bkinkead8p@google.ca,true
fconley8q,YbJfXXe0SI40,cluchelli8q@patch.com,false
iruggen8r,drxEjDr,phaythorne8r@webnode.com,true
mmcbrady8s,hwkCW3ZB,apeacop8s@biblegateway.com,true
cpyott8t,cB84afneBK,kojeda8t@examiner.com,false
msutheran8u,q8sv5wOSf4,lhexum8u@sitemeter.com,false
aunwin8v,kLGbLAke1a3s,lcuttles8v@gravatar.com,true
spervew8w,8sno0JnZHaD,epavlovic8w@amazon.co.jp,true
rbirtonshaw8x,mL5AgDXLPa,mroyal8x@xing.com,false
aliffe8y,P5i4EJ9JmuI,kolyff8y@naver.com,false
twaeland8z,KItETkzEHOQl,claughren8z@nifty.com,false
jattack90,gorbZZ,lwolfinger90@biblegateway.com,false
cbordessa91,8lcxdTh9K9,sdyble91@who.int,false
agrzelczak92,nyjCBcqDldap,rguillou92@europa.eu,false
wpetyanin93,XcNu6k,gneubigging93@woothemes.com,false
mkilpatrick94,5Dcq2X,cliley94@ameblo.jp,false
dlatan95,Q6WkkL,esandaver95@shop-pro.jp,true
acrumbie96,2tRw8ps3,tayars96@vkontakte.ru,true
lklimaszewski97,t01GXgj,wdrinkhall97@marketwatch.com,true
psurby98,EEzybKcXwUS,slarn98@spotify.com,false
klenin99,qQTAGFZoyGP,mpiatek99@icq.com,true
lwolland9a,AVlDqxoet,edefreitas9a@xing.com,true
kwillows9b,4TQIpmi1r,dgrishagin9b@nature.com,false
jmahaddie9c,zzLuHZAF4v7,glegonidec9c@boston.com,false
ttighe9d,zwCRUvQa,kquibell9d@adobe.com,false
kkeeri9e,qbh9hoqL,rforan9e@bbc.co.uk,true
gduffie9f,ieUGhU3oS,avassano9f@sciencedaily.com,true
tbellefant9g,PqLYGw3E,zjozwik9g@wiley.com,false
jhulson9h,fmjkh4,lchessum9h@example.com,false
mciccerale9i,SNHU3ymW,npaskerful9i@g.co,true
ebutterfint9j,D7P4Fp,nlargent9j@acquirethisname.com,false
gdearsley9k,nwvFOSMwjr,adunrige9k@squarespace.com,false
etwidle9l,GnDcQ4r,igoburn9l@chronoengine.com,true
efeatenby9m,1G5SQ0,smeasor9m@studiopress.com,false
gkubiak9n,7rS8LiOr2y4X,cjohananoff9n@comcast.net,true
gdraisey9o,EGf0t3,jroubottom9o@adobe.com,false
ghook9p,HpenKAuP,godger9p@indiatimes.com,false
oprivost9q,N3BmLtKp,rzambonini9q@archive.org,false
lelkins9r,KcQfHA5f,jabela9r@buzzfeed.com,false
egooddie9s,fJuSVpXtW,treadshall9s@cnbc.com,true
gadriani9t,2P8vjzFVgT,pcane9t@ow.ly,false
pmckeating9u,3mxly59Vswf9,ppietsma9u@princeton.edu,true
dvowels9v,A8oft8E7,mferencowicz9v@netscape.com,true
mcord9w,V1NTFsUfrR,tcarley9w@yolasite.com,true
gimeson9x,CzysKRnrxc,sstephen9x@newyorker.com,false
dbailes9y,QsiZXJrloA,mcosten9y@independent.co.uk,true
cburne9z,qXkwS36Vl,msnyder9z@lycos.com,false
blocksleya0,NeKG54IeY,ameckiffa0@dailymail.co.uk,false
jhamala1,bxaxWCDHQl,icowleya1@quantcast.com,false
mhewsona2,d9RHUiE6p,tlomasneya2@accuweather.com,false
cmeaa3,h7KIJi6E,rglenwrighta3@google.com,false
mleightona4,53ApLVIbMHV,jdoriana4@oakley.com,true
ebeasleya5,ZmJD0VJ,gjerrima5@ca.gov,false
cbenedeka6,76xzUGs6zt,lbaignarda6@webs.com,true
afennelowa7,QmnxtT,mstilemana7@symantec.com,true
bbonevanta8,lYFxB0ySVzNU,hdottridgea8@google.com.hk,false
cstephensa9,QURJzzSskAlB,wdigglesa9@alexa.com,true
helmhurstaa,T0l95h,dburnaa@virginia.edu,false
cliebab,evXf45fJZ879,rhamflettab@sfgate.com,false
areidshawac,HCClTuFqw,abelloac@cornell.edu,true
fnelthropad,039H4cBp04zZ,wheritegead@exblog.jp,false
ljordisonae,WrbGBPQ,bdaddsae@1und1.de,true
bbuncombeaf,RMKDnoTfd,ahouricanaf@amazonaws.com,false
tbaillesag,2YiHOzv,sgettingsag@ibm.com,false
scrantonah,qcArtws3ArQ,afidgeonah@businessweek.com,true
aboaysai,2rtwob,lrisbieai@wikimedia.org,true
gscheffleraj,GB6pe1GcqE,ahehlaj@etsy.com,false
afrushardak,fIvz0G,mdommerqueak@typepad.com,false
scorteral,GsxDcjon9,dcunningtonal@chronoengine.com,false
msammonsam,pZE6Hh2e,agravettam@sun.com,true
awearnean,vzrguy,smeralian@illinois.edu,false
gaxlebyao,91LDv5nZgTpk,aelieao@slashdot.org,false
mdawap,OW51GU2mAs,cmadelinap@nba.com,true
pheinaq,vcN5bjxVC,jsnadenaq@github.com,false
cnoelar,8zcPdByXip,lvaseninar@exblog.jp,false
tpaolias,fjrIkk,jdenialas@nih.gov,true
ehayhowat,ybL79xUm7sve,ereburnat@networkadvertising.org,true
ebaldungau,iWYzRaa5sSA,mwinspearau@fc2.com,true
atheobaldav,TgFbk0h,aackroydav@google.es,true
ckorbaw,FonvDtE,mnorganaw@reverbnation.com,true
vsibthorpeax,VqlcfHeLX9eQ,nkezarax@cdc.gov,true
rtideyay,BDuiF7,bsimcoeay@unesco.org,false
rlapslieaz,QpYMeC,pmilneaz@delicious.com,false
mgyteshamb0,FRC9qhMr,elocheadb0@list-manage.com,false
echurchmanb1,Yd4M4TXjRzXn,fcombenb1@hp.com,false
fhargessb2,ko0iF9le,abummfreyb2@unesco.org,true
fbrahanb3,MAbi3ntl,cmattosoffb3@rakuten.co.jp,false
rvatcherb4,Ju7O3U8h,hbroadb4@acquirethisname.com,false
eiskowitzb5,bALYUZZNV4z,mdavisb5@oracle.com,true
ohanveyb6,NnT6ryDByO,ckubasekb6@arizona.edu,false
bcowupb7,jZcdrkyar9Q,ihadfieldb7@uiuc.edu,false
tsuarezb8,12vcRIDy,akilkennyb8@myspace.com,false
agrishukhinb9,X48Hz8Y,lfranzolib9@google.es,false
gkemetzba,p9OSBd,amithanba@wisc.edu,false
bannettbb,4Yrb1ue92ga,fcapelenbb@digg.com,false
mbullbc,0nZKGnOv50,scatmullbc@cyberchimps.com,true
mshovlinbd,A7xIf9EjF,cbookbd@alexa.com,false
askeinbe,19BbX0UWuMH,lleeburnbe@wordpress.com,true
mdybf,Ram51Nab,lberrisfordbf@indiegogo.com,false
sgollinbg,JNNzuH1Ota,mmacrowbg@photobucket.com,false
mnernbh,QAtNW8KDmLbC,kwickendenbh@shutterfly.com,true
cnormavillebi,3WnMpxFzK,skendallbi@opera.com,false
bpardonbj,l6KrxM,tdewberrybj@wikimedia.org,false
ebushbk,EmPCRHiC6tA,rferrasbk@unblog.fr,true
mbabinbl,kzKnVo,bakettbl@squarespace.com,false
mgarveybm,dcYm41,atilstonbm@examiner.com,true
dgisbeybn,eCbSFcoKL,mschorahbn@independent.co.uk,true
idressellbo,iQJPoq,cgridonbo@wordpress.org,false
adriffebp,wIWsTB6r,rbrutonbp@t.co,true
ghannabusbq,MXIN1sq,nmeasuresbq@state.tx.us,false
mhisebr,ZXVX40,jmarkiebr@csmonitor.com,false
rkullmannbs,Z0xnKt,rwhiskerbs@nbcnews.com,false
gfollissbt,ZcxihpoTp8,shagerghambt@reuters.com,false
jskerrettbu,9eVCUfVSo,mverrallsbu@miibeian.gov.cn,false
kgreenlandbv,V866DL,rwalesbybv@tinypic.com,true
jrosenbladbw,uSIrCZY,gabrahamoffbw@marriott.com,true
byellowleabx,PlSaG2dKUe,tbaccusbx@sitemeter.com,true
knoniby,ZRC8XKgm,bkyleby@psu.edu,true
jswatebz,E7RH7sQ,tlanfearbz@alexa.com,false
lstroobandc0,DYr4I0Fco,rrobrosec0@phpbb.com,true
rgilliesc1,taffaI,pmarshlandc1@vkontakte.ru,true
kchastangc2,5FMDav,emethleyc2@tinyurl.com,true
ciskowiczc3,YfkGIsww25,sjanotac3@wikimedia.org,false
mluxtonc4,g0YXLCQv,vtearc4@skype.com,false
bhalladeyc5,BjfQ2dPKqvm,gjonuzic5@usnews.com,false
akestonc6,cetUjD,apateselc6@buzzfeed.com,true
dpeedellc7,ylGBt7,lorteauc7@tiny.cc,true
zlentonc8,nUB9CvAbk,vgoldspinkc8@newyorker.com,true
chealksc9,TRloKOHizQ,scleevesc9@harvard.edu,true
lgirkinca,2DjOgbF,erableca@naver.com,false
gcyplescb,bkEt0e,dscrivenorcb@netvibes.com,true
gdiangelocc,FTNKuIbx,sbushecc@php.net,false
swilloughbycd,iBC5psrf2c,iyakushkincd@springer.com,true
mplumbleyce,vZxVbSkcIjN,fatwoolce@behance.net,false
tmencicf,ExokVbv,vprobbingscf@bravesites.com,true
slyenyngcg,hTchQUQAs,mputlandcg@dailymail.co.uk,false
jstanyardch,XWjcoqzyaR9,tvanstonech@dailymotion.com,false
ngodboltci,9AmjiXIg,ihallorci@sphinn.com,false
bfranzewitchcj,cInXXfKK20s,tpettuscj@ft.com,true
lrandalesck,cgysvupo,cbouldingck@wufoo.com,false
dtiffincl,2xgxDxm8,ctackettcl@engadget.com,true
ccoshcm,9tQlKOK9Gb,kjearycm@altervista.org,false
mtrustycn,d4NQYemr,vpoundfordcn@facebook.com,true
pbangiardco,xSMWnPtjW,bkendleco@adobe.com,false
ulukascp,IU0SsFNT,abryettcp@paginegialle.it,true
irobuscq,X7cqaTJJlh,jdanceycq@4shared.com,false
cmorricecr,w8FSn7ZrcU,afabbrocr@nhs.uk,false
cjarmainecs,wg2Z4YW6,tshawleycs@skype.com,false
brendlect,WPmI7M3rpYC,icurnokkct@twitpic.com,true
achillcu,sr3hZXP,mrolstonecu@behance.net,true
gklaggemancv,TU7yGF,esabbertoncv@hc360.com,false
bdallandercw,V5pgTizkaV75,gbeeviscw@bloomberg.com,false
kcotilardcx,ne0QBgG,drydzynskicx@buzzfeed.com,false
edymottcy,LzIAl1,mkorpalcy@goodreads.com,false
msmythcz,mEz4PD,wpeschetcz@walmart.com,true
bhawtryd0,Js9CfaHe,dthirwelld0@mlb.com,true
sbartolomeud1,okat1v,lnarrawayd1@abc.net.au,true
xwellingsd2,niDPCAb4,pkeird2@rediff.com,false
aminithorped3,R0AdGC8WSq,hchesherd3@phpbb.com,true
cgoultd4,fRKMiBOotdB4,bcollinged4@over-blog.com,false
raucklandd5,V440rFg2,rlebretond5@discovery.com,true
wklimukd6,7UIIbua,emadend6@oaic.gov.au,true
kegeld7,wLKFHRK,ebattend7@wp.com,false
aquickd8,WnXOCGGlvZAt,oskeatd8@soup.io,true
ttriced9,QIh9n0lQR,smarousekd9@cornell.edu,true
awoodyattda,kc0pXX,smallinarda@si.edu,false
mrysondb,Uc5Cp02M,bbalstondb@rediff.com,false
clagedc,UhnFgOt7Pqp,espearettdc@google.com.au,true
iteckdd,8Isojm7oYy,sjordondd@weebly.com,true
bgrendonde,or3qUZRM3E86,arevelde@nasa.gov,true
ccodydf,3hm5c2BRh0D,pshoreydf@jiathis.com,true
clongmatedg,vEzziKVqhw,hbonydg@google.com,true
irowlingdh,0IqMgPal1jd,ctippledh@moonfruit.com,true
hkeytedi,SeL8qchIMxi,bpeyesdi@biglobe.ne.jp,true
kantramdj,c3n01sOFO,gdagondj@arstechnica.com,false
gjazedk,dxMPpTy,mkenealydk@geocities.jp,true
bllewellyndl,WVdVRMfuhP,lratnegedl@smh.com.au,false
cflaggdm,Vt3DQcoJ,rtowrissdm@addtoany.com,false
rpiercedn,X7AX1IVPgtLb,sdemchendn@tuttocitta.it,false
sjardinedo,XIWPs6z7qv7b,mmaccrackando@vimeo.com,false
drevansdp,mffAz5Kf1ubU,eschalldp@princeton.edu,true
ncaprondq,hVzvun,nlittondq@wsj.com,false
ndevauxdr,5LgQtQVZq,lkirschdr@goodreads.com,false
cmowburyds,ujtSYcJRU4,cgreberds@phpbb.com,false
kbootherstonedt,HAVLR66jjGz,kjordisondt@google.com,false
tivanenkodu,x2R7ogi,gkohnekedu@yandex.ru,true
rbackesdv,hlIuFeJNLvxo,mbowsdv@nationalgeographic.com,false
rbasnalldw,Sh9CKZFe0S,rmcgairldw@livejournal.com,true
gneubigindx,DvT4Ie6,ejurekdx@free.fr,true
gdahlbomdy,HCtUYMDl1MA,lmatantsevdy@hugedomains.com,true
zhinnersdz,mIYuimA,oclendennendz@uiuc.edu,true
gsnowballe0,xYo2QHoxdU,rromainee0@earthlink.net,false
yjosefse1,sYWuA164,joverale1@bloglines.com,true
cayliffe2,v1xD7G8CLNO,fleperee2@devhub.com,false
mgadiee3,5mQJnJ9,jreville3@rediff.com,true
bgrzegorzewskie4,hi7r7Y90,afennee4@netlog.com,true
bbrolane5,6Y8keJ9jDeY,dreacee5@phpbb.com,true
ekopfere6,FaePNv03V,lcopyne6@vistaprint.com,false
bniezene7,oNLr5X4,skike7@archive.org,false
czimae8,ZsTjSNaSk,nhartlee8@seesaa.net,false
gdambrogioe9,sWDNulT51nH,cgerhardte9@macromedia.com,false
emertschingea,2B5jQqd,jmcgawnea@alexa.com,false
mjermyneb,0RleGDfuC,nninnolieb@blogspot.com,true
mudenec,FCtSOmGWg,bjouannissonec@berkeley.edu,true
cdenzilowed,Djryvfbye2,vgoviered@twitpic.com,true
cspriddleee,HQoTGZjGSwrD,kenderleinee@epa.gov,true
ptuddallef,lp7661en,fhabinef@imgur.com,true
ajaneeg,wfpbl2uSv7L,ggerardeteg@wisc.edu,false
kivanikhineh,U29n6ql,clydiatteh@sciencedirect.com,true
dscareei,9DiAy1cHmAuQ,smallinarei@netscape.com,true
ajopsonej,OooqSaqV,oburroughesej@fema.gov,false
mnuttyek,MWxhA9Skc,ofrediek@wikia.com,true
drugieroel,KXvjU9AclQFr,kliggensel@salon.com,false
pmacgorleyem,TBD9LJWLlgUS,hskeldingem@reuters.com,true
amcindrewen,Y6UHHJ,bautrieen@goodreads.com,true
pkaryseo,p7eS20Vwk9TK,pcrocumbeeo@tiny.cc,true
lmathiasep,KrRjn7O,sgriffeep@google.ru,true
mondrasekeq,4R0w8vW,cfiddlereq@squidoo.com,true
morganer,KdzyWAciULn,lstorrer@odnoklassniki.ru,true
jrowleres,V9cPDpiq,jdowneyes@ft.com,true
ghavenhandet,TWMo4XSioAQ,ppoveleet@usgs.gov,true
bfeeheryeu,KINUnUtX2v,lbeardsalleu@hhs.gov,false
thasellev,XwN2mS,jjaszczakev@dion.ne.jp,true
ujessepew,PYrnqx1fE9e,ejoseburyew@histats.com,true
rbaverstockex,QTDvdf6P3x,athistletonex@dedecms.com,true
jguillouey,XXGBCu,bdrinkalley@storify.com,true
mduesberryez,e8JLsBattleT,bsavillez@oaic.gov.au,false
dziemf0,2tSU9r2Lu,dburneyf0@epa.gov,true
nheartyf1,iIq08Db3xou,omarstersf1@blogger.com,false
nfishlockf2,pGhAgVQRc,hhoultf2@purevolume.com,true
lshanklandf3,dMI7trd,bslowcockf3@google.ru,false
iswiref4,lWH6qO0AFNHW,aminersf4@springer.com,true
kallabartonf5,skEK1JpQw,miglesiaf5@cafepress.com,true
lwickersleyf6,AnH4XKMn,cboldingf6@blog.com,false
jwallbridgef7,StUXokR,lgiovannillif7@oaic.gov.au,true
iarmerf8,Lyil2ledl,vbushef8@meetup.com,false
abibeyf9,wtVQy1J,csylvesterf9@google.com.hk,false
mdickensonfa,M6PjGF36zfD,lwilmingtonfa@tuttocitta.it,true
rangellfb,N0Y0HE,gpautotfb@weather.com,false
mtynanfc,obmkT5HCCEH,vcorriefc@imageshack.us,true
lzanettinifd,uAp9cQSaDHE,agoslinfd@nymag.com,true
pdedmanfe,ywaslaVkMnf,mstanesbyfe@msn.com,false
lmacgallff,M0Nzi1B,gbrayleyff@prweb.com,false
tschooleyfg,fy2ySsd,bdundredgefg@indiegogo.com,true
rbartlemanfh,bOMTdCzS,shansmannfh@google.com.hk,false
cfilippyevfi,T46gghr0w,blystfi@gmpg.org,true
vofearguisefj,2w4kwFa,wnealeyfj@earthlink.net,true
larnetfk,kSX3RmnD5,ltidboldfk@usa.gov,true
arumkefl,vwdLyKd7Eq,ashakesbyfl@nature.com,false
cfoundsfm,iudip4,rgariochfm@ucla.edu,true
wbutterwickfn,aIdoMGRxzAZ,bblaisdalefn@blog.com,true
aluchellifo,zb2xFq7,eantunesfo@hibu.com,true
xvaadelandfp,1I6anRkERH,aholsallfp@google.nl,false
ajumonetfq,E5Ddfp1aC,bgracefq@youtu.be,true
ttolefr,LxUWCi7Rzpj7,tpurseyfr@goo.ne.jp,false
bpendreighfs,mwXw0BPe1g7,asimysonfs@infoseek.co.jp,false
cjoscelinft,RRqyW07,kpelosift@webeden.co.uk,false
hminerdofu,oonTNy,mdanilishinfu@sohu.com,false
mbuckyfv,KQYqfc,cgirardetfv@fastcompany.com,true
lhoughtfw,wP7EiAzF,lgyorgyfw@github.io,false
palwenfx,ZxtKZ1EpjPF,bmichurinfx@reference.com,false
csnedkerfy,Hu8x8rKRT,tsmithendfy@virginia.edu,true
bgostridgefz,wNHYdpler,fidneyfz@globo.com,true
emccorkellg0,7RWkMNrxTk4V,kworvillg0@unblog.fr,false
mdilgarnog1,4Sq4LwIlO,aaspeyg1@wufoo.com,true
bguesfordg2,l8YLvlkuT,fheepsg2@si.edu,true
hbrumg3,457HyQ,hdulanyg3@cbsnews.com,true
tamesg4,26kH9jTjAmH8,ielnaughg4@upenn.edu,false
chollidgeg5,DwAp56q3K,rashbridgeg5@ovh.net,false
kmoylang6,4EEJrufprJ,lfeasbyg6@shutterfly.com,true
vmcgonigleg7,Nvz9Owz3hwhd,gbrowneg7@washingtonpost.com,true
jbuffeyg8,Epv37HG7GV,tlilywhiteg8@uiuc.edu,false
aallnuttg9,tWp5bSyhSl,agladdorg9@latimes.com,false
ibennedsenga,mMAIZGvDgJ,grudledgega@unblog.fr,true
kcandwellgb,1a1TiX70o38,mdwightgb@deviantart.com,false
efeekgc,W1p9pdmPm,mlocalgc@homestead.com,true
sduignangd,iCNpQwfamu,cgladmangd@businessinsider.com,true
dreynoldsge,NvzJgb,ahassange@clickbank.net,false
jtschersichgf,cTQVbp3rryS,hcastellettigf@bloglovin.com,false
rmcdavidgg,vJHHSjTrBId,tcustardgg@google.de,false
myakoboviczgh,y38MXMz0A,smellowsgh@umn.edu,false
jhudsongi,1Z6gY0cOs,mtibbsgi@myspace.com,true
lbrumfieldgj,OuULURGf9,eelixgj@drupal.org,true
talbersgk,4jOm2PIrEC8l,ggreenergk@technorati.com,false
omatskevichgl,us2VpT9TJ,hbunngl@blogger.com,false
ewarnesgm,W3UfEj,afairtloughgm@yolasite.com,true
rpaolaccign,Rlx1cZSSUkF,tdranfieldgn@multiply.com,true
tgomezgo,0JB1NVOiIRCS,kmancellgo@1und1.de,false
glepinegp,cREGygLNWEr,nbownessgp@sbwire.com,true
prappportgq,6SdNM0zUhgcT,sregglergq@technorati.com,false
gscottsgr,NuJriXY,wdeferrarigr@admin.ch,false
odoumercgs,1RwaBD2p,aheepsgs@shareasale.com,true
tfehnersgt,tj2omWNtgR,ktaguegt@utexas.edu,true
acampesgu,SF8awBuK2,abernardouxgu@sphinn.com,false
rlapsleygv,e9K0YP4k,msoutherangv@ftc.gov,false
mfairchildgw,qMjD9AwMoa,mbrumblegw@sciencedaily.com,false
dwornumgx,IKwKgIU2tD,minggallgx@admin.ch,true
owhichelowgy,YnYZ3fNTLzK,rfillisgy@squidoo.com,true
qriccionegz,JFbnOkp8h,ientwhistlegz@constantcontact.com,false
cwhistlecrofth0,vAFZGSD3S,cbortolih0@mediafire.com,false
pgrissh1,duEhgRtyK,rraffertyh1@theatlantic.com,false
fmarfellh2,lZt9POYU,afollith2@wp.com,false
cwagnerh3,pJw81ogya,rspatarih3@topsy.com,true
rsworderh4,Whd2I0h8LeOi,lmcclevertyh4@geocities.com,false
rebdinh5,Gu6wJABKbF09,briddeh5@mayoclinic.com,false
bjeckellsh6,nW1e2YbLBw,randresserh6@blogger.com,false
ckennaghh7,sT7Qdya,etesimonh7@tmall.com,true
chumpherstonh8,B7yA7CgMAi8h,iwestnedgeh8@i2i.jp,false
mworswickh9,npWlMFqNOC,ecroninh9@unicef.org,false
sepelettha,fdVXuW,gficklingha@vinaora.com,false
fegginshb,NIP1TXfBI0,rraymanhb@irs.gov,false
dmatskivhc,2LuR5OHu3Ar,wwinnetthc@bloglovin.com,true
mpackmanhd,HUvYWxwrRb,nilotthd@gov.uk,true
jgriffitthe,PTAj3iHxFA,tmooreyhe@moonfruit.com,true
clazarhf,r8OEbd3,wbrewsterhf@oaic.gov.au,true
csennerhg,Hq0RrDi,mhiscoehg@virginia.edu,false
equiddihyhh,uOHxuKDJzAa,lmattiazzihh@va.gov,true
gdeetlefshi,LDYetTFr7V,adecourcyhi@columbia.edu,false
rdrowsfieldhj,WUyy2bil,pcarrenhj@google.co.jp,false
eshelmerdinehk,NmAwXxjbVbyM,adeignanhk@wordpress.org,true
sfreearhl,b4SjijbMB,tgajownikhl@naver.com,false
mbachellierhm,Q5QlSTM,akinkadehm@shop-pro.jp,true
llogeshn,MrbEjhktvQ,shannabyhn@lycos.com,true
gjobeho,K3oITV,dnaceyho@cam.ac.uk,true
aritzmanhp,HoQQYq,edawtryhp@artisteer.com,false
fduinkerkhq,pEVh4dVrc,vadnamhq@blinklist.com,true
dbettlesonhr,RgeGzf,dwayvillhr@yahoo.co.jp,false
jdelgadohs,OIZ8iQm0,gendenhs@amazon.co.uk,true
svanarsdalenht,4tyMPkXMqMRv,dthringht@businessinsider.com,true
gbinnallhu,cSQAYZ9jxFH,fparkehu@amazon.co.jp,false
tgallyhv,imaUSSwb6P,dfleckneyhv@facebook.com,true
atreherhw,OwbaWAsz3H,lhurrionhw@blogger.com,true
sarchdeaconhx,C0rzjDtu,cheineckehx@desdev.cn,false
hsmurfithy,hft5fL,serthy@sogou.com,true
kalbrightonhz,BVUuDdD,bbrightwellhz@live.com,false
epoei0,PaenBvgCRx,ahetterichi0@sourceforge.net,false
dtunnoi1,L4A04Pw,praltoni1@odnoklassniki.ru,true
cmeaghi2,CbiX8gKmZwTY,sshieldoni2@mac.com,true
jstayti3,S36qO1A,mbatyi3@ucoz.com,false
babbeyi4,dk2MCt,dbrophyi4@mayoclinic.com,true
kvolkei5,CVWpR6wS,rerdelyi5@is.gd,false
fmerrgeni6,rnSvUOIrE,cbiddwelli6@blog.com,false
nbacheri7,M5obtNi54g,alowtoni7@pbs.org,true
mvermani8,8ZghDiTcR,mrusselli8@cloudflare.com,false
ldunstalli9,ZSHipPFN7,rfillisi9@bluehost.com,true
eravenia,7hLlhM2Nlna,lsladeia@tamu.edu,false
nmcquinib,SV7a8sXM,aedwardsonib@shop-pro.jp,true
rserrellic,ptFrEKODc,adornanic@linkedin.com,true
naleksandrevid,yv4o4ijKdrd,ebowaterid@time.com,false
fredierie,mqEH140,jskirlingie@purevolume.com,true
bhughmanif,YcSdxS4VOAlK,erannaldif@cornell.edu,true
kcholertonig,gJjpp2ZeaKOQ,rcarlettoig@mac.com,false
wvandersonih,1mYCZcgOJ,atremouletih@smh.com.au,false
jstpierreii,wviCwDy,prapelliii@xing.com,false
adyhouseij,wWNKWftXeNK,lpickersailij@miibeian.gov.cn,false
ssignik,ODTf37,eflecknellik@creativecommons.org,true
cplackstoneil,TMCL0OSJB,khinkensenil@hud.gov,true
rpoynorim,MSzhHxRab5,jsatterlyim@pagesperso-orange.fr,true
jcobbyin,zwo0tjaCVQQj,ckimmittin@about.com,false
ecroshawio,DaLIk7,mklempkeio@reuters.com,true
zpickleip,j7yP9PMp3UTj,tgagieip@naver.com,true
wkunischiq,4IIAPkZ,zlisteriq@businesswire.com,true
lyakobir,Ns5kcEP,bbasilioir@google.nl,false
lbartonis,3ouJjALVO,mmcluckyis@nba.com,true
npavyerit,p5HCrZcPR,itugwellit@hubpages.com,false
asalvadoriiu,ltYBC3EsE5,gybarraiu@123-reg.co.uk,false
nmeniiv,Ie5ZqFbj7n,ajaneckiiv@nps.gov,true
rottewilliw,79ofcr,gdevereiw@blogspot.com,true
ahastwallix,HExUAD45q,nmcfallix@eepurl.com,true
tesposiiy,L8nZCnHU4I,kspilisyiy@house.gov,false
mfishbourneiz,i26qfmg1w,gjerdaniz@delicious.com,false
bblampeyj0,AJQxdkRciE7S,jhaskinsj0@123-reg.co.uk,true
tdunnionj1,JvyXwIS,wpidgeonj1@youtube.com,true
dkeoghj2,wz15taux,asnapej2@unc.edu,false
sharnottj3,8qy84Gvz6a,cbeebej3@rakuten.co.jp,true
dsatterthwaitej4,er0jRk,bdergesj4@samsung.com,false
lcraggsj5,hjpIcP,estockwellj5@omniture.com,false
sdranej6,bcaelBia5,fsuartj6@goodreads.com,false
fpiniurj7,JPhlmdDfE,sjoplingj7@theglobeandmail.com,true
ogavriellij8,vDQA9W1S,ddainej8@comcast.net,true
jlivockj9,JUH8yyN4mkL6,rworgej9@1688.com,true
wgoldsbroughja,hnV5mHs,aterbrugja@last.fm,true
swhithornjb,wKhULSh,rreejb@smh.com.au,false
sinnwoodjc,nfdIqAkrgCxD,lgarriochjc@printfriendly.com,true
dsewterjd,ExaBf7Y,lhakeworthjd@sfgate.com,false
gdevannyje,jsJJPv,rgirdlerje@bloglines.com,true
momullaneyjf,WsjnQJ8hFUD5,wbaujf@flavors.me,false
bkwietekjg,DkNYSUHAkTPj,egulleyjg@trellian.com,false
ideningtonjh,fFrniuNYVjkg,eethersonjh@toplist.cz,true
nklementzji,j6d7V2,hdurranceji@msu.edu,false
kspensjj,FXMrzhZ,mjanowiczjj@statcounter.com,false
cbroadfootjk,9REkxif,afairholmejk@digg.com,false
fthunnercliffejl,uI9eiqL9,kbortolussijl@kickstarter.com,false
nbiestyjm,y59N7Px,bhawkswelljm@reuters.com,true
rclevejn,L9RcTqQWyPd,khoylandjn@chronoengine.com,true
mpaulazzijo,t6reIj48,ostollenwerckjo@si.edu,false
acopcotejp,RzevgqR,hscarlinjp@usatoday.com,true
mgemsonjq,tKO6VBM5,iriccardinijq@squidoo.com,true
jwisemanjr,vFEyzhtN,hgarnarjr@mozilla.org,false
egoldiejs,nsuF8l2A0P,awarwickjs@census.gov,false
fbamlingjt,f2A4TQlOZc,aletrangejt@squarespace.com,false
alambornju,SQ65OLH,grickcordju@examiner.com,true
pbrayfieldjv,yL7rGItCCc,mpergensjv@java.com,false
gdolmanjw,gVLc1YhvFEa,dhuddyjw@sohu.com,false
rlilburnjx,ICdUjnxLbJ,eardernjx@netlog.com,false
oclubbjy,vnaZYvb8,bmarquessjy@deliciousdays.com,false
gretchlessjz,1fjH6OgQP,myellopjz@washington.edu,false
lboostk0,4G1epT,njosefssonk0@newsvine.com,false
mwillmettsk1,SLhcLNz97uTr,bbartomeuk1@elpais.com,false
stortoishellk2,Xjy4ZPt,rloachheadk2@java.com,true
cbercerosk3,H910QxEy,lrashleighk3@buzzfeed.com,true
raldrichk4,AfxThWRT,dgrouerk4@blogspot.com,true
squilligank5,vie88j7,ethornewellk5@google.cn,true
mgilliatk6,DdKHIRwtIV,bkeuningk6@dion.ne.jp,false
jskeemork7,szvqc9dk8nE,nglencrashk7@mozilla.com,false
jhallbordk8,bl6hSzt,ddraycottk8@miibeian.gov.cn,false
nferraracciok9,K1nATjb,tnoseworthyk9@census.gov,true
fvintka,U6qi61ATg,mpoteka@xinhuanet.com,false
rtollandkb,nNHE6PQeHJit,aandreichikkb@whitehouse.gov,true
nlindsaykc,slAo8KX7F,pspinellakc@nytimes.com,true
cburgisskd,aMCXZ3h,htoweykd@hao123.com,true
dgallantke,3cF57Ek1pcxw,fwardellke@imgur.com,true
hlarventkf,EYEDVlGJH5,acutridgekf@google.it,false
cjevonkg,nAqACtl2,pkillguskg@acquirethisname.com,false
mwikeykh,s0GMJBtBtj,fhavekh@linkedin.com,true
cgorglerki,9l2YRk,hcoveneyki@kickstarter.com,false
crackkj,HR1QNWFV,pbourgeskj@craigslist.org,false
tizsakkk,45OG8p,srawcliffekk@barnesandnoble.com,true
gtrotterkl,3VDkxR,lcarmelkl@mediafire.com,true
llumpkinkm,YJT1wnObmM,egeorgekm@dagondesign.com,false
aearthfieldkn,Ukn45VlyTyK,hbabonaukn@cnbc.com,false
mdomelawko,nwewR6qsXs,klarnerko@yahoo.co.jp,false
joshesnankp,LkOVGe,nwardekp@usda.gov,false
bkensetkq,jsneaKmoTf7,tmaymankq@biglobe.ne.jp,true
amillimoekr,UjiOdgNtgHe,ggarlingkr@1und1.de,false
ghampshawks,4r19adynkhG1,sdelacrouxks@lycos.com,false
ahavickkt,DCn0sIH,rruecastlekt@liveinternet.ru,true
nmusgroveku,Q3JFBd8hkN,gglaviasku@wordpress.org,false
dwhitlowkv,odd6dcMgK,pbatherkv@instagram.com,true
czavittierikw,fYxSie,hloblekw@nationalgeographic.com,true
jmactrustriekx,3gb3wmPxIFuz,lrubertikx@spiegel.de,false
schetterky,R78VPAN,bstuddeky@domainmarket.com,false
gsafhillkz,uNblbF9uG3t,okiernankz@fotki.com,true
sphliponl0,c7UULG,sbobaschl0@ucoz.ru,true
fgorbelll1,5N1bPq1l2XnK,afaireyl1@wikipedia.org,false
mladonl2,hWE9ISVP,kstathersl2@hud.gov,false
fvineyl3,snxVt76Qu,fleballl3@baidu.com,false
rhaydonl4,zIptL3xWwWb,gtolcherl4@mapquest.com,false
cpernelll5,wMkcHAf,abrozl5@dion.ne.jp,false
swindibankl6,JYj9Ar877,zdodl6@mac.com,true
pmussonl7,p3KVhvwfTIJr,mohmsl7@amazon.co.uk,true
dpenkl8,LrndperBgtI,ekattenhornl8@github.io,true
clamingl9,GHK9qJDbKZhM,gdungeel9@rediff.com,true
ugarrettsla,6u519U,agossopla@mashable.com,false
pbenedictolb,1TCUvL,cbawcocklb@sakura.ne.jp,true
akelledylc,fxB8UF3d,sbrimilcombelc@tamu.edu,true
scowillld,E6IyZiUE,aalvinld@wikispaces.com,true
rdarcyle,6n7V37W3k,lsantusle@g.co,false
kyanyshevlf,ZVurpOG9d79E,tjeannessonlf@netscape.com,false
cquantrelllg,8aJFKU,epinnigarlg@arstechnica.com,false
achassonlh,3MNtr62URxMi,bkevlinlh@wiley.com,true
cgusneyli,ieJgj9,cmarcqli@barnesandnoble.com,true
ccastanlj,Ljv8iXtep1,sgostykelj@amazon.co.uk,true
breddochlk,jQ7fEiSu,jmarcamlk@infoseek.co.jp,false
mskeatesll,I9MZ8ZLF,trichfieldll@nymag.com,false
jchildeslm,aTfA49TgPE,coxleylm@ucsd.edu,true
mwheildonln,7kdZkPr0,mpersenceln@netscape.com,true
ebouttonlo,Ow7T9prt,dmayorallo@163.com,true
mwoodingslp,Lac6nBMmx,ojinkinlp@timesonline.co.uk,true
bwheeltonlq,Dv5esZl,acerseylq@wikia.com,true
mpindredlr,f8yYllA,nkrolmanlr@shop-pro.jp,true
lathyls,2VgkdsD73u,oaffronls@tinyurl.com,true
tcrummeylt,EVXJ3f5PcfYo,fjellingslt@histats.com,true
mmansuerlu,cFR64Ver3S,oohoolahanlu@nifty.com,false
ccaterlv,ylCO8O,kboxerlv@admin.ch,true
pordidgelw,H9Ad7l8ng1J6,rseagarlw@ucsd.edu,false
dogleasanelx,LOYieaSAf,eeversleylx@privacy.gov.au,false
dcorbridgely,mZMj01jAg,akinnanely@fastcompany.com,true
abosmanlz,Qqu14KegFQV,hdoelz@globo.com,true
ntruterm0,HGv0RXljvzK,dhabletm0@so-net.ne.jp,true
lboickm1,jXcMIzUc,obladgem1@ask.com,true
hwiffieldm2,zo0j0yf015P,tlatteym2@msu.edu,false
esuchm3,SqZjhU8h,jswaislandm3@ehow.com,true
atippinm4,tgdpPhN,jaudasm4@ow.ly,false
jduigedm5,Cup9RMYJRjoG,cscrivinerm5@gravatar.com,false
tferenczim6,ryZt8Q,arandsm6@mail.ru,false
mstarkingm7,4fmrkn,elivettm7@ustream.tv,true
ffullomm8,upPj4z,avonderemptenm8@cdc.gov,false
zcrusem9,KPdTuVKqR,jripingm9@over-blog.com,false
hbootellma,jxwBWLsWk,ocassleyma@phpbb.com,false
ohorneymb,zAoJe0rp,pbenckmb@youtu.be,true
mdibbsmc,g0hjwWxmZV0,aduguidmc@nih.gov,false
mshearnmd,VFflZTH2ST,sivattsmd@economist.com,false
edellarme,JqfdSHz1p,sabbotsonme@un.org,true
cgannicleffmf,De3AYSbgZQ,vbennellickmf@purevolume.com,false
crussellmg,v8YcFjq,eyegorkovmg@github.io,true
wmarcumh,X4itM1KsW,dbluschkemh@noaa.gov,true
bmazeymi,4VKvACVd9,tzannottimi@macromedia.com,true
mhatliffmj,M7Y0ZKX,tlinceymj@topsy.com,true
lnelanemk,3HBTOO,mturevillemk@sphinn.com,true
chaugehml,KTqiQx1kid,epepperellml@simplemachines.org,false
abeneymm,WiWk3n,gickeringillmm@alexa.com,false
atownsleymn,Vmkvixk,rbanthorpemn@census.gov,false
cantoneymo,aKxdn0nsBi96,kburkhillmo@nba.com,false
dcondiemp,pRl7cEy6Gjfu,bcruttendenmp@cmu.edu,false
mlomathmq,axt0ncR,dhowlesmq@narod.ru,true
jhellikermr,lZDcNd4BE,swebbornmr@ovh.net,true
tbaudichonms,ql9qRy,vpondms@howstuffworks.com,true
bfinkermt,lxAATIBY7n3,mscocroftmt@sina.com.cn,false
mcastelynmu,OPWZhCY7ol9R,gthorogoodmu@angelfire.com,false
aheinonenmv,g98tP9e9kd6i,ascotchmermv@home.pl,true
estuttmanmw,g5wj6VM,aborthrammw@last.fm,true
nkellochmx,lK3d3Piu,jrichiemx@umich.edu,false
ghibbartmy,6nhiOsFx,ckeyzmanmy@japanpost.jp,true
bvasnetsovmz,zbIIFddbQ,cdychemz@mediafire.com,true
gdecastrin0,RmxOhtLI2LVd,smenauteaun0@opera.com,false
lhoworthn1,ojbTpjzZ6G6,thextn1@multiply.com,true
lrudlandn2,umFzpG,gshowtn2@yahoo.com,true
ehartzogsn3,VeISXiTi,pdallann3@icio.us,true
sharriskinen4,395LnjSj,mpotburyn4@taobao.com,true
ksizeyn5,aNjLizMapq,twalthalln5@google.es,false
kwaken6,w2Xpxo3wGHH,fsatchelln6@eepurl.com,true
skynsonn7,PqWykZX,nmelanaphyn7@friendfeed.com,true
bivelln8,8uu0ahh,nnowakn8@macromedia.com,false
lklaggesn9,iOlxsa,cdietzn9@360.cn,true
cgussiena,SCIStYzuJ,oaldwincklena@phoca.cz,false
veastmondnb,tYFS4XAY,snealonnb@privacy.gov.au,true
kplaskettnc,HwW4VcwcJC7,bportailnc@columbia.edu,false
vhessaynd,f3ltge,tlillnd@ifeng.com,true
rendrizzine,QGR3O1,afurseyne@fastcompany.com,true
aleightonnf,0qenb0tjc,ljadonf@spiegel.de,false
mboylandng,tWYcav,zmcdaidng@reuters.com,false
gbeckennh,DTYvf5f1EdQ,cinnesnh@answers.com,false
rhawkesni,EMde4oU,bcoverlynni@digg.com,true
ntimmesnj,k7b5pIuuh,mearrynj@mashable.com,false
ynyssensnk,O2BQwen,cdurkinnk@odnoklassniki.ru,true
bwilmingtonnl,zZMhDMdH2u,agudemannl@gmpg.org,true
lpleasenm,xOG92G,pbreretonnm@cnbc.com,true
cnuschenn,NLjr9BT25,gandriessennn@latimes.com,true
nelstobno,Ye5NyLCZGbU,emcbrydeno@nps.gov,true
hgrzegorczyknp,hxLHDmk,jtarboxnp@github.io,false
sbrumhamnq,AYugbzpE,gvalentinq@microsoft.com,true
wdavioudnr,F0vGTeI3,kfogartynr@weather.com,true
ccamilions,G1ZFTty,kcolliberns@themeforest.net,false
obrittannt,wjyaV6ydLad9,jpauleynt@delicious.com,true
mrieplnu,46NzhI,tlipmannnu@lycos.com,true
anewnsnv,v9Ic8TXgs,cnoltonnv@nature.com,true
rmayohnw,0pcFLBvBu,cscobbienw@nyu.edu,false
dmcgrortynx,afhIzSOa1P4m,vmellsopnx@home.pl,true
chinkensny,mrjJfS,mdevoyny@elpais.com,false
nbentonz,NL29o3,cpheasantnz@nydailynews.com,false
fsmeado0,x1D2gsnzff,ffleemingo0@buzzfeed.com,false
bsheringtono1,zEvj1gSp,escurreyo1@canalblog.com,true
efulstowo2,tORojJHT,scampaigneo2@fda.gov,false
csmealo3,KtIUDXk88,btumilsono3@google.es,false
hpavliko4,jyLd94ciSLVP,lmakeswello4@paginegialle.it,true
rtevelovo5,oQXfOL,cstaneso5@storify.com,false
leggerso6,TOdHrpHCPZ,tbritziuso6@cpanel.net,false
jphlippio7,TXPCRcIWOPO4,vwaddieo7@ucla.edu,true
kvaulkhardo8,ODppbZBlGu,bmatscheko8@t.co,true
mparslowo9,mAAxav6DOE,jdanicko9@sina.com.cn,true
kdooheyoa,haSsmm8vqB0s,jlisamoreoa@xrea.com,false
afulkerob,eoAtEfpiLue,apolyeob@nba.com,false
cdelicateoc,mAR8qoEJVLAt,jerikssonoc@wordpress.com,false
klehrerod,XHfHzTSpOFq,bbeethamod@toplist.cz,false
ehitchensoe,HuztPXJT,dglederoe@omniture.com,true
hwestgateof,8TKzwdfWjL,kdockreyof@fc2.com,true
aabrahamowitczog,6YNreP,keverixog@earthlink.net,false
pfassbindleroh,Oik1uzmv5,rslimmonoh@histats.com,false
rgathercoaloi,TaDjVT6O,cmacsweeneyoi@github.io,false
rgurnelloj,RYflZ29Zw,tyushachkovoj@etsy.com,true
ldowsonok,qLcWz7491,hlyfordok@tripod.com,true
wwhitleyol,1aXVNj,pdeboickol@networkadvertising.org,false
karmandom,KpCztl56,amellandom@ucoz.com,false
ddobbinsonon,fl33ERVpd8g,htinsleyon@umich.edu,true
amatityahuoo,hGAFfKagZ,fkelcheroo@nytimes.com,false
llunkop,etHHCl,rwillemanop@gizmodo.com,false
bricoaldoq,5xKefHu9hN,glindenmanoq@addtoany.com,true
vlilianor,eeZnEGMF,mcovenyor@is.gd,false
acoursonos,dssyofQig,hgodrichos@oracle.com,false
kmatissoffot,lBK9wOERB,bjeanequinot@blogspot.com,true
tconeauou,RPJG6KkLF6Xr,gveltiou@wikipedia.org,false
gwestmacottov,Qv2VKovVKfmZ,ckasparov@bloglines.com,true
egregoraciow,kq44Zs,vmushrowow@economist.com,false
mvedikhovox,dqxgVivyZhP,bdesouzaox@a8.net,false
jrhucroftoy,kcvvJg,wpendryoy@wp.com,false
bwinterfloodoz,hZQRhUqa5,cskermoz@ucla.edu,true
fleesonp0,hpahEg,ldawsp0@prlog.org,true
rbruckmannp1,1mXFP1puY,blashamp1@jiathis.com,false
etollfreep2,OvZkaAb2,sveltmanp2@alibaba.com,false
hcarnewp3,zJNwKff2U7z,bskettlesp3@sakura.ne.jp,false
aperkinp4,fFui2ofSW,agreenroydp4@facebook.com,false
udagonp5,gKIIfUa,mpillingtonp5@cloudflare.com,false
mdowtyp6,nsjkjm,jdunthornp6@unblog.fr,true
rsteningp7,ruCmsLU,jchavezp7@feedburner.com,true
rstannettp8,joYUtnttB,pcowdryp8@cocolog-nifty.com,false
cbagniukp9,jseryMglA,amuellerp9@reference.com,true
scerithpa,dfHUDAw,rearthfieldpa@cbsnews.com,false
rgasnollpb,0BWE6axbtw9,lbutterfillpb@studiopress.com,true
spearspc,zy7P1anEIL,ritzkovwichpc@google.it,true
misabellpd,WJTfWBwltS,sdundendalepd@symantec.com,false
mkornelpe,SMWnoWtn,wipgravepe@blinklist.com,true
jduesberrypf,j3pd7r,dkillwickpf@usatoday.com,true
egoodsallpg,DK7Fdkgpgo,esalazarpg@naver.com,false
gbaggarleyph,R2qjHgsKnDJ,dcannavanph@wiley.com,false
lmedforthpi,DNouj77gj,rcastiblancopi@github.io,false
marmsteadpj,MZISN3Z2,opersichpj@psu.edu,false
alandypk,xGJsBnJCW2Ak,pegdalpk@example.com,true
delsompl,pSBC9E09,mbartalinipl@nba.com,false
mgullanpm,HTlBMA5k,dbrookesbiepm@dagondesign.com,false
awrenpn,pIqeDfPmq,ccondliffepn@arstechnica.com,false
larrowpo,Tvbgm1zxl,lblumsompo@xing.com,false
solneypp,etsSTCXSb9zr,iemmanuelipp@netscape.com,false
mverdeypq,iQAJ9q,rbarthelpq@narod.ru,true
akettlesonpr,sH5t1m,etunsleypr@ezinearticles.com,true
vloyndonps,UhSBFjeDt,higlesiasps@gmpg.org,false
alideardpt,fq4jSW,cdeamayapt@indiegogo.com,false
daphalepu,wdRRrVkpp,ameddpu@deviantart.com,true
nwilkinspv,fTB71M4KL,arenachowskipv@issuu.com,false
lfaithfullpw,PpXMPqpsCoM,zfeighrypw@ihg.com,false
scaneopx,XgAgREmlL49u,idemschkepx@bloglovin.com,true
eollenbuttelpy,rEvaloi,pbandtpy@shareasale.com,false
bvercruyssepz,NiR8IPKh,lnaishpz@livejournal.com,true
nparleyq0,eqlWats5Iuf,scabralq0@delicious.com,true
ccabrerq1,VsjHspF,bgorghettoq1@unc.edu,false
mchristauffourq2,6nxDMuHjw,jterbruggenq2@ocn.ne.jp,true
gorgelq3,prmx15,bcromwellq3@amazon.co.uk,false
dberthq4,IFBiBX,gdunningq4@google.com.br,true
dcoffeltq5,r43F8tn,hheintschq5@studiopress.com,true
nizsakq6,ahiYIMhHze9f,mwellmanq6@diigo.com,false
btuffreyq7,6wxcDRhLW,ashoebrookq7@nsw.gov.au,true
jwortonq8,fbELLe8hQ,cmacaleeseq8@arstechnica.com,false
clysq9,CBfHJYRrh,tmellmothq9@mit.edu,true
dowensqa,3KFpg3gIMtXn,gmacanultyqa@hexun.com,true
kswafieldqb,ERhn8X,asmileyqb@arizona.edu,true
mpiffordqc,vUBAr8,dmaystonqc@ftc.gov,false
galbertiqd,Q5gxaQ,rtradewellqd@51.la,true
cduminiqe,yHZV0KNWMgi8,bkaliszqe@wix.com,false
tmyringqf,vP65KV,qpallentqf@weather.com,true
idovidianqg,zrDhqjnofJt,ecoskerryqg@behance.net,false
cwestnedgeqh,C23cBDy,jziebartqh@techcrunch.com,true
rmorenoqi,j5IQWo0,ctosdevinqi@marriott.com,true
zjohnseeqj,2FP1XMdeEda,sdearnaleyqj@buzzfeed.com,false
pyansonqk,UPkQ8yWvo9,jdaneqk@unblog.fr,true
mroalfeql,3cbk9DJJ,lskaymanql@feedburner.com,true
itunstallqm,Bl13boI05pz,enortcliffeqm@wufoo.com,false
mlivoirqn,XBcISyypdKoC,mspragingqn@patch.com,false
jharridgeqo,VUkgZFaXzH,rmoorerudqo@army.mil,false
lmarcomeqp,TBuxxxhuhi,vkittredgeqp@amazon.de,false
eadnetqq,uUDlplk,wlenahanqq@disqus.com,true
blawlandqr,C3bYdU,kezzyqr@facebook.com,true
crulfqs,elpcjg,lbartiqs@posterous.com,true
cjenkenqt,i8UKv2xCf8S,atosdevinqt@bandcamp.com,true
ecratchleyqu,X8wPdzeJ4,srosevearqu@shutterfly.com,true
gboothbyqv,LdzU0xh1,rtibaltqv@wikimedia.org,false
fpedriqw,G4T8FJV5y5,rhaskewqw@unesco.org,false
blouderqx,Y0HFBKQxc22w,hcalbaitheqx@altervista.org,true
ndrinkwaterqy,F4e2YPdUvb1,aelanqy@marriott.com,true
mbowartqz,4fINPj8s,dturtonqz@1und1.de,false
ahighwoodr0,gki9OsVe,crossbrooker0@exblog.jp,true
afrenschr1,RNnM5eYjQ,cheinerr1@bbc.co.uk,true
cmullallyr2,RxcQpVZ,owoodthorper2@drupal.org,true
rfanthomr3,PboEabhC,mengehamr3@clickbank.net,true
telintuner4,GYIuNWGIkjq,lclacksonr4@technorati.com,false
mdemullettr5,iTycREEJG,sbuntonr5@cbc.ca,false
twealdr6,1KFk033Vrq,kinnottr6@t.co,true
fhurtr7,JR2hCBRPT1CN,ccarthyr7@nymag.com,true
rlamberteschir8,CnQx71kSMFHZ,lkasperr8@1688.com,true
cbateupr9,iIt9DTb,dgodsellr9@ted.com,true
jwestfieldra,8FFXTi1hgE,kwilmanra@latimes.com,false
sferencowiczrb,b2rpSlI,cheggisonrb@usda.gov,false
eraiserc,C5XJqG5PKs,lgaughanrc@tumblr.com,true
akarlerd,gd5kPkQfbu3,nconnewrd@irs.gov,false
rgrisbrookre,KPIgl6,mhannre@apache.org,true
rmartinotrf,8CFwOxEYeW,wducrowrf@zdnet.com,false
lstideverrg,QzXGX6FI,cclaragerg@issuu.com,false
hjanjusevicrh,nR6xyHxQeQD,dgibbrh@dailymail.co.uk,false
ttugwellri,FYC7kiv,mhandfordri@geocities.jp,false
bfredyrj,a02pxgleq,pmcclenaghanrj@cocolog-nifty.com,false
tbarnsdallrk,gdBYUWNb,rasherk@princeton.edu,true
yfairningtonrl,yTRPTOdzdU,atredgerrl@irs.gov,true
scardenosorm,ULYnAUHiM,hcoulmanrm@rambler.ru,false
hbrandinrn,Gb8AXMT,iwildishrn@house.gov,true
showlero,OOw3apc,rcurpheyro@dmoz.org,false
cmartinhorp,149BkMYmPKA,ehinkensenrp@comsenz.com,true
gfeatherbyrq,nIyqdjaQ,dbenionrq@123-reg.co.uk,true
rmaffiottirr,QkG8quuv,fgilsonrr@archive.org,true
