username,email,password
ebushell0,pbenzing0@goo.ne.jp,P2vpM6IZD1R
djeayes1,dleedes1@last.fm,r6wGfj6o7xcL
byellowlee2,tbedow2@china.com.cn,OEXD0i
bbaxstare3,bgolland3@house.gov,bSULe1TkjFR
ckment4,ldealy4@fema.gov,FL8adyr4u
cstaines5,rdomone5@wisc.edu,SZB4J3zCrb
sivy6,gjentges6@bbb.org,aLj963L
lbowgen7,tburghill7@so-net.ne.jp,9RzZAOn
lentwhistle8,bpennick8@lycos.com,t2mTXipV
fpittendreigh9,rrogeon9@ustream.tv,L2tNLI
ftroyesa,bprenea@linkedin.com,tchbqrGiRhL
gbadinib,kbattillb@jiathis.com,f10Dpe
rgernerc,hriddickc@elegantthemes.com,byGKNtXyGm
dcoxwelld,tmerield@prlog.org,Gp4rf01MSSdm
hmineghellie,adacheye@people.com.cn,kYKSHG
abootherstonef,hlimpennyf@loc.gov,DtcwMJdxAx
ldensumbeg,kwooldridgeg@hexun.com,8mDVUqbk
ecavendishh,ademicolih@posterous.com,3jDw8r
gmaccaddiei,mteodoroi@4shared.com,vGBzQ9q2
rgoodridgej,bklossekj@blogs.com,XornVdm7v
chowgatek,srickwordk@netvibes.com,950TZRLkAyBS
lmaudlenl,bantoneyl@skype.com,de3Opgwc
edunym,kbrasonm@foxnews.com,Hjmbh5RV
kappletonn,fdovidaitisn@squarespace.com,HJEUlBjtL
ttoyneo,owinmillo@loc.gov,Mz8xQCjxi
fwyllisp,emcgirlp@hugedomains.com,RU4Out
vloutheq,taizicq@ustream.tv,AQ50c0KT9Mj
gportr,dtrebyr@4shared.com,Gg4uSo7RYEA
slowlesss,ckoppess@dropbox.com,Vl2zBYCELR
lgamont,ohonnicottt@reference.com,GhK6xWpo
tkowaliku,hbuckseyu@state.tx.us,YPfXonxxj
nrothertv,glagaduv@umich.edu,sBINElv
pthredderw,pmangonw@amazon.de,gNDhH9lA8m
lsquirex,wingremx@naver.com,RBk7Xpd
mleyninyey,sharkessy@github.com,Nozwkn3k5dy
dlanstonz,dhugnetz@mashable.com,7LlpKAXGHRrh
bperocci10,ajunkison10@reddit.com,XOZphw0xgdH
gstrangeways11,vgrumley11@disqus.com,Jg30Sw
callchorne12,mattarge12@wikipedia.org,aKezsOcM1M
hostler13,ichenery13@yale.edu,YyABphUd
nolivey14,mbroadwood14@nyu.edu,g7TgNt
pdelasci15,speery15@wordpress.com,Vnlnm7
gsabine16,tcrush16@odnoklassniki.ru,CsUonS
arockingham17,jbrackley17@un.org,Ano7Do7otUO
fcheke18,mtortoise18@indiegogo.com,yickef
hcockle19,tbabe19@msn.com,DmcUTBO
abagnal1a,bnorthen1a@photobucket.com,vzzqBRH
lhanham1b,ksanchis1b@vkontakte.ru,1XTmPKcS
rnuton1c,lesmond1c@diigo.com,cfH3SAf
hpatershall1d,speatman1d@ehow.com,pG42Ec
mskalls1e,dantrum1e@nsw.gov.au,QpcBdYgr2kD
nhitzschke1f,blambersen1f@google.nl,sGHryc3weL
bgeist1g,wdmitriev1g@naver.com,GJlI4d
ndove1h,tsheaber1h@senate.gov,2YhIfRg
bbes1i,lwilce1i@ameblo.jp,QDnVFHIG
lsloam1j,rsedgmond1j@bizjournals.com,UsBERAi7S
azealander1k,tcrutchley1k@netscape.com,4OGibWku
ntute1l,bshutle1l@mac.com,Rnz0FHgatq
cballin1m,draft1m@yale.edu,Vk3Hzq
jchildes1n,amckennan1n@gov.uk,WDdhvBZ9A
cimmer1o,rgreve1o@google.com.br,6TQwUET
ewestern1p,ktsarovic1p@is.gd,QVHWzIXpx
bmeeus1q,ecaherny1q@abc.net.au,1BuORw
eclawe1r,kburnes1r@booking.com,FN3Vs19LW
mkearey1s,mfrancisco1s@opera.com,uxuhPz9i8aa
dertelt1t,ljedrachowicz1t@google.pl,Jkx72ScNr4
scuel1u,sdrinnan1u@npr.org,1i5wSVU3
candrieu1v,ebunn1v@independent.co.uk,YG8622d2
sdudny1w,cchippindall1w@behance.net,uftsBhf6
dradbourn1x,kpears1x@ucsd.edu,Gz3ntwTIDrSw
tharmstone1y,tbeardwood1y@google.es,MxB8l4tu
ltout1z,apickthall1z@noaa.gov,ILZxeKMKEsM
wjacmard20,sbruntjen20@dell.com,s4gweCI8hVC
tfaragan21,pkelf21@reddit.com,ixcbMJ
dculkin22,vkender22@noaa.gov,sYw337iz
hpropper23,apaal23@wikimedia.org,m3qC5j7
aespinay24,mjindracek24@cocolog-nifty.com,bUhdklTq
ayeo25,rbatterson25@deliciousdays.com,URfPpi9RA
pdumphy26,dlalor26@g.co,MhyGd9
abrown27,alarkby27@cyberchimps.com,ixY9rW
scleverly28,nhenken28@opera.com,I9PVebRd4p
ldawdry29,oposten29@alibaba.com,Ad6frQ
abiford2a,cales2a@purevolume.com,lRNFnGo
bpachmann2b,kbatch2b@time.com,STgldI
cfluin2c,apotapczuk2c@weather.com,XqcR3m2UE
mmansford2d,srentz2d@acquirethisname.com,pzrOUo
rmurra2e,draeside2e@comcast.net,1kh1QoOjs2j
schasemoore2f,ihungerford2f@jalbum.net,Wta83xeni1F
ghalsall2g,vwaterhous2g@unblog.fr,Oe5Gfe2PISJ
strillow2h,nwoollam2h@netvibes.com,K9EgJFsgjQ
dfeuell2i,bmilliken2i@mayoclinic.com,Yp6DMAhwn39B
asifflett2j,clabbet2j@arstechnica.com,0F7TBS3A
togrowgane2k,cfirbanks2k@google.de,juYHmzFr8d
ylangwade2l,ltanser2l@cisco.com,v9UzJcyQd
arowlatt2m,mtomaini2m@google.ru,NV0YflCs
ebrymner2n,ggeroldi2n@adobe.com,CutDTdOyueO
agloves2o,lgildersleeve2o@biblegateway.com,IQ8iSw
bsimenot2p,araxworthy2p@barnesandnoble.com,mSgjKETA6
aescoffrey2q,mjeffers2q@whitehouse.gov,Tf6JNff
aflaxman2r,aemmison2r@wikia.com,zNOYPJ
